<?xml version="1.0" encoding="utf-8"?>
<manifest identifier="S1qQfFzwQJO3j" xmlns="http://www.imsproject.org/xsd/imscp_rootv1p1p2" xmlns:adlcp="http://www.adlnet.org/xsd/adlcp_rootv1p2" xmlns:xsi="http://www.w3.org/2001/XMLSchema-instance" xmlns:lom="http://www.imsglobal.org/xsd/imsmd_rootv1p2p1" xsi:schemaLocation="http://www.imsproject.org/xsd/imscp_rootv1p1p2 imscp_rootv1p1p2.xsd http://www.imsglobal.org/xsd/imsmd_rootv1p2p1 imsmd_rootv1p2p1.xsd http://www.adlnet.org/xsd/adlcp_rootv1p2 adlcp_rootv1p2.xsd">
<metadata>
<schema>ADL SCORM</schema>
<schemaversion>1.2</schemaversion>
<lom:lom>
<lom:general>
<lom:title>
<lom:langstring>FIKES Safety Induction lite 640</lom:langstring>
</lom:title>
</lom:general>
<lom:educational>
<lom:typicallearningtime>
<lom:datetime>01:00:00</lom:datetime>
</lom:typicallearningtime>
</lom:educational>
</lom:lom>
</metadata>
<organizations default="fikes_safety_induction_lite_640_organization">
<organization identifier="fikes_safety_induction_lite_640_organization">
<title>FIKES Safety Induction lite 640</title>
<item identifier="BB0799F6-663B-470D-AFBF-63DDE4C2A6D5" identifierref="resource">
<title>Safety Induction</title>
</item>
</organization>
</organizations>
<resources>
<resource identifier="resource" type="webcontent" adlcp:scormtype="sco" href="res/index.html">
<file href="res/index.html"/>
<file href="res/lms.js"/>
<file href="res/data/slide1.js"/>
<file href="res/data/slide1.css"/>
<file href="res/data.local-only/slide1.js"/>
<file href="res/data/slide2.js"/>
<file href="res/data/slide2.css"/>
<file href="res/data.local-only/slide2.js"/>
<file href="res/data/slide3.js"/>
<file href="res/data/slide3.css"/>
<file href="res/data.local-only/slide3.js"/>
<file href="res/data/quiz1.js"/>
<file href="res/data/quiz1/fonts/fnt0.woff"/>
<file href="res/data/quiz1/fonts/fnt1.woff"/>
<file href="res/data/quiz1/fonts/fnt2.woff"/>
<file href="res/data/quiz1/fonts/fnt3.woff"/>
<file href="res/data/quiz1/images/img-8c10b405f114bd5bfde02d370486d638f2960c8d.jpg"/>
<file href="res/data/quiz1/images/img-ac0a6252daa9fbdad65f1cea04540fb25b5f2e11.jpg"/>
<file href="res/data/quiz1/images/img-acc47d98e2a21ac0f15d5f0cee51e268fef1deab.jpg"/>
<file href="res/data/quiz1/images/img-cde32d5441afb2e86d58f262e497849476e364a3.jpg"/>
<file href="res/data/quiz1/images/quiz_bg_0.png"/>
<file href="res/data/quiz1/videos/video-ac0a6252daa9fbdad65f1cea04540fb25b5f2e11.mp4"/>
<file href="res/data/quiz1/videos/video-cde32d5441afb2e86d58f262e497849476e364a3.mp4"/>
<file href="res/data/quiz2.js"/>
<file href="res/data/quiz2/fonts/fnt0.woff"/>
<file href="res/data/quiz2/fonts/fnt1.woff"/>
<file href="res/data/quiz2/fonts/fnt2.woff"/>
<file href="res/data/quiz2/fonts/fnt3.woff"/>
<file href="res/data/quiz2/fonts/fnt4.woff"/>
<file href="res/data/quiz2/images/img-3605f3de11d9b8f251afaec5ecdcd57686f022ed.jpg"/>
<file href="res/data/quiz2/images/img-60bbccf66518323f889e61874727feeaf41d198b.jpg"/>
<file href="res/data/quiz2/images/quiz_bg_0.png"/>
<file href="res/data/slide6.js"/>
<file href="res/data/slide6.css"/>
<file href="res/data.local-only/slide6.js"/>
<file href="res/data/slide7.js"/>
<file href="res/data/slide7.css"/>
<file href="res/data.local-only/slide7.js"/>
<file href="res/data/slide8.js"/>
<file href="res/data/slide8.css"/>
<file href="res/data.local-only/slide8.js"/>
<file href="res/data/quiz3.js"/>
<file href="res/data/quiz3/fonts/fnt0.woff"/>
<file href="res/data/quiz3/fonts/fnt1.woff"/>
<file href="res/data/quiz3/fonts/fnt2.woff"/>
<file href="res/data/quiz3/fonts/fnt3.woff"/>
<file href="res/data/quiz3/images/img-7e140af03975239875e8ad091098951f242f78ce.jpg"/>
<file href="res/data/quiz3/images/quiz_bg_0.png"/>
<file href="res/data/intr1.js"/>
<file href="res/data/intr1/fonts/fnt0.woff"/>
<file href="res/data/intr1/fonts/fnt1.woff"/>
<file href="res/data/intr1/fonts/fnt2.woff"/>
<file href="res/data/intr1/fonts/fnt3.woff"/>
<file href="res/data/intr1/fonts/fnt4.woff"/>
<file href="res/data/intr1/images/img-6db77fed8b0afdaa6b1f02a56ba4273332ce773b.jpg"/>
<file href="res/data/intr1/images/img-7e140af03975239875e8ad091098951f242f78ce.jpg"/>
<file href="res/data/intr1/images/interaction_bg_0.png"/>
<file href="res/data/slide11.js"/>
<file href="res/data/slide11.css"/>
<file href="res/data.local-only/slide11.js"/>
<file href="res/data/intr2.js"/>
<file href="res/data/intr2/fonts/fnt0.woff"/>
<file href="res/data/intr2/fonts/fnt1.woff"/>
<file href="res/data/intr2/fonts/fnt2.woff"/>
<file href="res/data/intr2/fonts/fnt3.woff"/>
<file href="res/data/intr2/fonts/fnt4.woff"/>
<file href="res/data/intr2/images/img-0c603244521d47a9dd5f97263a6f60140de9cd0a.png"/>
<file href="res/data/intr2/images/img-c5457826c9208bc41b49ab237bc29d2ad40c0908.png"/>
<file href="res/data/intr2/images/img-ef6e62e7aa576e7c389a0a0ca772f8207a37527e.png"/>
<file href="res/data/intr2/images/interaction_bg_0.png"/>
<file href="res/data/quiz4.js"/>
<file href="res/data/quiz4/fonts/fnt0.woff"/>
<file href="res/data/quiz4/fonts/fnt1.woff"/>
<file href="res/data/quiz4/fonts/fnt2.woff"/>
<file href="res/data/quiz4/fonts/fnt3.woff"/>
<file href="res/data/quiz4/images/img-0c603244521d47a9dd5f97263a6f60140de9cd0a.png"/>
<file href="res/data/quiz4/images/img-2567209e2a30a5a55230d9f03a779e5609843e4f.png"/>
<file href="res/data/quiz4/images/img-5202557d81b63ac5e911dfa790c22f2943f62893.png"/>
<file href="res/data/quiz4/images/img-66f2925089288743d59a7b4823557edcafca9e63.png"/>
<file href="res/data/quiz4/images/img-c5457826c9208bc41b49ab237bc29d2ad40c0908.png"/>
<file href="res/data/quiz4/images/img-cfa9b1590f8002b7d2b6176001f564df0d158d0b.png"/>
<file href="res/data/quiz4/images/img-ef6e62e7aa576e7c389a0a0ca772f8207a37527e.png"/>
<file href="res/data/quiz4/images/quiz_bg_0.png"/>
<file href="res/data/slide14.js"/>
<file href="res/data/slide14.css"/>
<file href="res/data.local-only/slide14.js"/>
<file href="res/data/slide15.js"/>
<file href="res/data/slide15.css"/>
<file href="res/data.local-only/slide15.js"/>
<file href="res/data/slide16.js"/>
<file href="res/data/slide16.css"/>
<file href="res/data.local-only/slide16.js"/>
<file href="res/data/slide17.js"/>
<file href="res/data/slide17.css"/>
<file href="res/data.local-only/slide17.js"/>
<file href="res/data/slide18.js"/>
<file href="res/data/slide18.css"/>
<file href="res/data.local-only/slide18.js"/>
<file href="res/data/quiz5.js"/>
<file href="res/data/quiz5/fonts/fnt0.woff"/>
<file href="res/data/quiz5/fonts/fnt1.woff"/>
<file href="res/data/quiz5/fonts/fnt2.woff"/>
<file href="res/data/quiz5/fonts/fnt3.woff"/>
<file href="res/data/quiz5/fonts/fnt4.woff"/>
<file href="res/data/quiz5/images/6bd1-8363-5fea-0e23.png"/>
<file href="res/data/quiz5/images/9aa8-4035-3b0e-d30d.png"/>
<file href="res/data/quiz5/images/9ab1-c17e-59f0-e128.png"/>
<file href="res/data/quiz5/images/ecad-3383-e9e0-59f8.png"/>
<file href="res/data/quiz5/images/img-00f7687c683ffe169eca05a691a89d9bc9e7364e.png"/>
<file href="res/data/quiz5/images/img-03fc74fb042a12d4acd526ca7e4e86a755307afc.png"/>
<file href="res/data/quiz5/images/img-a682404b34a96c0367f229bcd064a0c33f8795ff.png"/>
<file href="res/data/quiz5/images/img-ee3f08ec3f03c26d56aa3a8891f25c71987397c5.png"/>
<file href="res/data/quiz5/images/quiz_bg_0.png"/>
<file href="res/data/slide20.js"/>
<file href="res/data/slide20.css"/>
<file href="res/data.local-only/slide20.js"/>
<file href="res/data/intr3.js"/>
<file href="res/data/intr3/fonts/fnt0.woff"/>
<file href="res/data/intr3/fonts/fnt1.woff"/>
<file href="res/data/intr3/fonts/fnt2.woff"/>
<file href="res/data/intr3/fonts/fnt3.woff"/>
<file href="res/data/intr3/fonts/fnt4.woff"/>
<file href="res/data/intr3/images/img-3e2a72e5cb01a479bb9e4cda8e2017ac2770352f.jpg"/>
<file href="res/data/intr3/images/img-e7006b5541ceacfc75613ad9db397f3717e4b947.jpg"/>
<file href="res/data/intr3/images/interaction_bg_0.png"/>
<file href="res/data/slide22.js"/>
<file href="res/data/slide22.css"/>
<file href="res/data.local-only/slide22.js"/>
<file href="res/data/slide23.js"/>
<file href="res/data/slide23.css"/>
<file href="res/data.local-only/slide23.js"/>
<file href="res/data/slide24.js"/>
<file href="res/data/slide24.css"/>
<file href="res/data.local-only/slide24.js"/>
<file href="res/data/quiz6.js"/>
<file href="res/data/quiz6/fonts/fnt0.woff"/>
<file href="res/data/quiz6/fonts/fnt1.woff"/>
<file href="res/data/quiz6/fonts/fnt2.woff"/>
<file href="res/data/quiz6/fonts/fnt3.woff"/>
<file href="res/data/quiz6/fonts/fnt4.woff"/>
<file href="res/data/quiz6/fonts/fnt5.woff"/>
<file href="res/data/quiz6/images/0768-a308-7a3e-b94e.png"/>
<file href="res/data/quiz6/images/img-6a984d4aabac0e8868730efb4d9ddbb9ac8f273b.jpg"/>
<file href="res/data/quiz6/images/img-72bd742835b9fa524880e98dde79cf50dc185674.jpg"/>
<file href="res/data/quiz6/images/img-82f88dada6c8065a3c35bee50c8b9ce6761676e1.jpg"/>
<file href="res/data/quiz6/images/img-a947f3f0d6f4c853f29587d6ab5e2eaa4baa17b1.jpg"/>
<file href="res/data/quiz6/images/img-e3a332c69b57a47d003cfbdfd2cacf125e1cdca1.jpg"/>
<file href="res/data/quiz6/images/img-f092c3f992934ab9caacbb82c65e32c31acac8cd.jpg"/>
<file href="res/data/quiz6/images/quiz_bg_0.png"/>
<file href="res/data/quiz6/videos/video-6a984d4aabac0e8868730efb4d9ddbb9ac8f273b.mp4"/>
<file href="res/data/quiz6/videos/video-a947f3f0d6f4c853f29587d6ab5e2eaa4baa17b1.mp4"/>
<file href="res/data/quiz6/videos/video-e3a332c69b57a47d003cfbdfd2cacf125e1cdca1.mp4"/>
<file href="res/data/slide26.js"/>
<file href="res/data/slide26.css"/>
<file href="res/data.local-only/slide26.js"/>
<file href="res/data/slide27.js"/>
<file href="res/data/slide27.css"/>
<file href="res/data.local-only/slide27.js"/>
<file href="res/data/slide28.js"/>
<file href="res/data/slide28.css"/>
<file href="res/data.local-only/slide28.js"/>
<file href="res/data/slide29.js"/>
<file href="res/data/slide29.css"/>
<file href="res/data.local-only/slide29.js"/>
<file href="res/data/slide30.js"/>
<file href="res/data/slide30.css"/>
<file href="res/data.local-only/slide30.js"/>
<file href="res/data/slide31.js"/>
<file href="res/data/slide31.css"/>
<file href="res/data.local-only/slide31.js"/>
<file href="res/data/slide32.js"/>
<file href="res/data/slide32.css"/>
<file href="res/data.local-only/slide32.js"/>
<file href="res/data/slide33.js"/>
<file href="res/data/slide33.css"/>
<file href="res/data.local-only/slide33.js"/>
<file href="res/data/slide34.js"/>
<file href="res/data/slide34.css"/>
<file href="res/data.local-only/slide34.js"/>
<file href="res/data/slide35.js"/>
<file href="res/data/slide35.css"/>
<file href="res/data.local-only/slide35.js"/>
<file href="res/data/slide36.js"/>
<file href="res/data/slide36.css"/>
<file href="res/data.local-only/slide36.js"/>
<file href="res/data/quiz7.js"/>
<file href="res/data/quiz7/fonts/fnt0.woff"/>
<file href="res/data/quiz7/fonts/fnt1.woff"/>
<file href="res/data/quiz7/fonts/fnt2.woff"/>
<file href="res/data/quiz7/fonts/fnt3.woff"/>
<file href="res/data/quiz7/fonts/fnt4.woff"/>
<file href="res/data/quiz7/images/quiz_bg_0.png"/>
<file href="res/data/quizplayer.js"/>
<file href="res/data/intplayer1.js"/>
<file href="res/data/intplayer2.js"/>
<file href="res/index.html"/>
<file href="res/data/player.js"/>
<file href="res/data/eraser.cur"/>
<file href="res/data/highlighter.cur"/>
<file href="res/data/marker.cur"/>
<file href="res/data/lock.cur"/>
<file href="res/data/browsersupport.js"/>
<file href="res/data/apple-touch-icon.png"/>
<file href="res/data/favicon.ico"/>
<file href="res/data/fnt0.woff"/>
<file href="res/data/fnt1.woff"/>
<file href="res/data/fnt10.woff"/>
<file href="res/data/fnt11.woff"/>
<file href="res/data/fnt12.woff"/>
<file href="res/data/fnt13.woff"/>
<file href="res/data/fnt14.woff"/>
<file href="res/data/fnt15.woff"/>
<file href="res/data/fnt16.woff"/>
<file href="res/data/fnt17.woff"/>
<file href="res/data/fnt18.woff"/>
<file href="res/data/fnt19.woff"/>
<file href="res/data/fnt2.woff"/>
<file href="res/data/fnt20.woff"/>
<file href="res/data/fnt3.woff"/>
<file href="res/data/fnt4.woff"/>
<file href="res/data/fnt5.woff"/>
<file href="res/data/fnt6.woff"/>
<file href="res/data/fnt7.woff"/>
<file href="res/data/fnt8.woff"/>
<file href="res/data/fnt9.woff"/>
<file href="res/data/html5-unsupported.html"/>
<file href="res/data/img0.png"/>
<file href="res/data/img1.png"/>
<file href="res/data/img10.png"/>
<file href="res/data/img11.png"/>
<file href="res/data/img12.png"/>
<file href="res/data/img13.png"/>
<file href="res/data/img14.png"/>
<file href="res/data/img15.png"/>
<file href="res/data/img16.svg"/>
<file href="res/data/img17.svg"/>
<file href="res/data/img18.svg"/>
<file href="res/data/img19.jpg"/>
<file href="res/data/img2.png"/>
<file href="res/data/img20.png"/>
<file href="res/data/img21.png"/>
<file href="res/data/img22.png"/>
<file href="res/data/img23.png"/>
<file href="res/data/img24.png"/>
<file href="res/data/img25.png"/>
<file href="res/data/img26.png"/>
<file href="res/data/img27.png"/>
<file href="res/data/img28.png"/>
<file href="res/data/img29.png"/>
<file href="res/data/img3.png"/>
<file href="res/data/img30.png"/>
<file href="res/data/img31.png"/>
<file href="res/data/img32.png"/>
<file href="res/data/img33.png"/>
<file href="res/data/img34.png"/>
<file href="res/data/img35.png"/>
<file href="res/data/img36.png"/>
<file href="res/data/img37.jpg"/>
<file href="res/data/img38.png"/>
<file href="res/data/img39.png"/>
<file href="res/data/img4.png"/>
<file href="res/data/img40.png"/>
<file href="res/data/img41.png"/>
<file href="res/data/img42.png"/>
<file href="res/data/img43.png"/>
<file href="res/data/img44.jpg"/>
<file href="res/data/img45.png"/>
<file href="res/data/img46.png"/>
<file href="res/data/img47.png"/>
<file href="res/data/img48.png"/>
<file href="res/data/img49.png"/>
<file href="res/data/img5.png"/>
<file href="res/data/img50.png"/>
<file href="res/data/img51.png"/>
<file href="res/data/img52.jpg"/>
<file href="res/data/img53.png"/>
<file href="res/data/img54.png"/>
<file href="res/data/img55.png"/>
<file href="res/data/img56.png"/>
<file href="res/data/img57.png"/>
<file href="res/data/img58.png"/>
<file href="res/data/img59.png"/>
<file href="res/data/img6.png"/>
<file href="res/data/img60.png"/>
<file href="res/data/img61.png"/>
<file href="res/data/img7.png"/>
<file href="res/data/img8.png"/>
<file href="res/data/img9.png"/>
<file href="res/data/interaction_bg_0.png"/>
<file href="res/data/quiz_bg_0.png"/>
</resource>
</resources>
</manifest>
